<?xml version="1.0" encoding="UTF-8"?>
<metadata xml:lang="en"><Esri><CreaDate>20160630</CreaDate><CreaTime>15513400</CreaTime><ArcGISFormat>1.0</ArcGISFormat><SyncOnce>TRUE</SyncOnce><DataProperties><lineage><Process ToolSource="c:\program files (x86)\arcgis\desktop10.4\ArcToolbox\Toolboxes\Data Management Tools.tbx\CalculateField" Date="20160630" Time="152645">CalculateField district_nationallower DISTRICT_I Right( [DISTRICT_I],1  ) VB #</Process><Process ToolSource="c:\program files (x86)\arcgis\desktop10.4\ArcToolbox\Toolboxes\Data Management Tools.tbx\CalculateField" Date="20160630" Time="152655">CalculateField district_nationallower DISTRICT_I Right( [DISTRICT_I],2  ) VB #</Process><Process ToolSource="c:\program files (x86)\arcgis\desktop10.4\ArcToolbox\Toolboxes\Data Management Tools.tbx\CalculateField" Date="20160630" Time="152724">CalculateField district_nationallower OCD_ID !OCD_ID!.replace(" ","") PYTHON_9.3 #</Process><Process ToolSource="c:\program files (x86)\arcgis\desktop10.4\ArcToolbox\Toolboxes\Data Management Tools.tbx\CalculateField" Date="20160630" Time="153208">CalculateField district_nationallower districtid [DISTRICT_I] VB #</Process><Process ToolSource="c:\program files (x86)\arcgis\desktop10.4\ArcToolbox\Toolboxes\Data Management Tools.tbx\CalculateField" Date="20160630" Time="153222">CalculateField district_nationallower state_1 [STATE] VB #</Process><Process ToolSource="c:\program files (x86)\arcgis\desktop10.4\ArcToolbox\Toolboxes\Data Management Tools.tbx\CalculateField" Date="20160630" Time="153239">CalculateField district_nationallower state [state_1] VB #</Process><Process ToolSource="c:\program files (x86)\arcgis\desktop10.4\ArcToolbox\Toolboxes\Data Management Tools.tbx\CalculateField" Date="20160630" Time="153302">CalculateField district_nationallower label_1 [LABEL] VB #</Process><Process ToolSource="c:\program files (x86)\arcgis\desktop10.4\ArcToolbox\Toolboxes\Data Management Tools.tbx\CalculateField" Date="20160630" Time="153321">CalculateField district_nationallower label [label_1] VB #</Process><Process ToolSource="c:\program files (x86)\arcgis\desktop10.4\ArcToolbox\Toolboxes\Data Management Tools.tbx\CalculateField" Date="20160630" Time="153345">CalculateField district_nationallower ocd_id_1 [OCD_ID] VB #</Process><Process ToolSource="c:\program files (x86)\arcgis\desktop10.4\ArcToolbox\Toolboxes\Data Management Tools.tbx\CalculateField" Date="20160630" Time="153409">CalculateField district_nationallower ocd_id [ocd_id_1] VB #</Process><Process ToolSource="c:\program files (x86)\arcgis\desktop10.4\ArcToolbox\Toolboxes\Data Management Tools.tbx\CalculateField" Date="20160630" Time="155542">CalculateField district_nationallower state "FL" VB #</Process><Process ToolSource="c:\program files (x86)\arcgis\desktop10.4\ArcToolbox\Toolboxes\Data Management Tools.tbx\CalculateField" Date="20160630" Time="155555">CalculateField district_nationallower state "VA" VB #</Process><Process ToolSource="c:\program files (x86)\arcgis\desktop10.4\ArcToolbox\Toolboxes\Data Management Tools.tbx\CalculateField" Date="20160630" Time="155608">CalculateField district_nationallower state "NC" VB #</Process><Process ToolSource="c:\program files (x86)\arcgis\desktop10.4\ArcToolbox\Toolboxes\Data Management Tools.tbx\CalculateField" Date="20160630" Time="155653">CalculateField district_nationallower ocd_id ""ocd-division/country:us/state:nc/cd:" +" [districtid]"" VB #</Process><Process ToolSource="c:\program files (x86)\arcgis\desktop10.4\ArcToolbox\Toolboxes\Data Management Tools.tbx\CalculateField" Date="20160630" Time="155702">CalculateField district_nationallower ocd_id ""ocd-division/country:us/state:nc/cd:" + [districtid]" VB #</Process><Process ToolSource="c:\program files (x86)\arcgis\desktop10.4\ArcToolbox\Toolboxes\Data Management Tools.tbx\CalculateField" Date="20160630" Time="155719">CalculateField district_nationallower ocd_id ""ocd-division/country:us/state:va/cd:" + [districtid]" VB #</Process><Process ToolSource="c:\program files (x86)\arcgis\desktop10.4\ArcToolbox\Toolboxes\Data Management Tools.tbx\CalculateField" Date="20160630" Time="155735">CalculateField district_nationallower ocd_id ""ocd-division/country:us/state:fl/cd:" + [districtid]" VB #</Process><Process ToolSource="c:\program files (x86)\arcgis\desktop10.4\ArcToolbox\Toolboxes\Data Management Tools.tbx\CalculateField" Date="20160630" Time="155808">CalculateField district_nationallower label ""Florida's " + [districtid] +"th congressional district"" VB #</Process><Process ToolSource="c:\program files (x86)\arcgis\desktop10.4\ArcToolbox\Toolboxes\Data Management Tools.tbx\CalculateField" Date="20160630" Time="155826">CalculateField district_nationallower label ""Virginia's " + [districtid] +"th congressional district"" VB #</Process><Process ToolSource="c:\program files (x86)\arcgis\desktop10.4\ArcToolbox\Toolboxes\Data Management Tools.tbx\CalculateField" Date="20160630" Time="155840">CalculateField district_nationallower label ""North Carolina's " + [districtid] +"th congressional district"" VB #</Process></lineage><itemProps><itemLocation><linkage Sync="TRUE">file://\\SAIGON\C$\Users\dmcglone\districts-us\cd\115th\shp\district_nationallower</linkage><protocol Sync="TRUE">Local Area Network</protocol></itemLocation></itemProps><copyHistory><copy source="C:\Users\dmcglone\districts-us\cd\114th\shp\district_nationallower" dest="\\SAIGON\C$\Users\dmcglone\districts-us\cd\115th\shp\district_nationallower" date="20160630" time="15513400"></copy></copyHistory></DataProperties></Esri></metadata>
